<?xml version='1.0' encoding='UTF-8'?>
<platforms>
	<platform>
		<name><![CDATA[Ferrari]]></name>
		<notes><![CDATA[]]></notes>
	</platform>
	<platform>
		<name><![CDATA[Mc Laren]]></name>
		<notes><![CDATA[]]></notes>
	</platform>
	<platform>
		<name><![CDATA[Red Bull]]></name>
		<notes><![CDATA[]]></notes>
	</platform>
	<platform>
		<name><![CDATA[Mercedes]]></name>
		<notes><![CDATA[]]></notes>
	</platform>
	<platform>
		<name><![CDATA[Renault]]></name>
		<notes><![CDATA[]]></notes>
	</platform>
</platforms>
