<?xml version="1.0" encoding="UTF-8"?>
<testcases>
<testcase internalid="4" name="set exec result - test plan WITHOUT PLATFORMS">
	<node_order><![CDATA[100]]></node_order>
	<externalid><![CDATA[1]]></externalid>
	<version><![CDATA[1]]></version>
	<summary><![CDATA[]]></summary>
	<preconditions><![CDATA[]]></preconditions>
	<execution_type><![CDATA[1]]></execution_type>
	<importance><![CDATA[2]]></importance>

</testcase>

<testcase internalid="6" name="set exec result - test plan WITH WRONG PLATFORM NAME">
	<node_order><![CDATA[101]]></node_order>
	<externalid><![CDATA[2]]></externalid>
	<version><![CDATA[1]]></version>
	<summary><![CDATA[]]></summary>
	<preconditions><![CDATA[]]></preconditions>
	<execution_type><![CDATA[1]]></execution_type>
	<importance><![CDATA[2]]></importance>

</testcase>

<testcase internalid="8" name="set exec result - test plan WITH WRONG PLATFORM ID">
	<node_order><![CDATA[102]]></node_order>
	<externalid><![CDATA[3]]></externalid>
	<version><![CDATA[1]]></version>
	<summary><![CDATA[]]></summary>
	<preconditions><![CDATA[]]></preconditions>
	<execution_type><![CDATA[1]]></execution_type>
	<importance><![CDATA[2]]></importance>

</testcase>
</testcases>